idmunici|ccdd|ccpp|ccdi|Departamento|Provincia|Distrito|Tipomuni|VFI|P03|P04_1|P04_2|P04_3|P04_4|P04_5|P04_6|P05_CC|P05_1|P05_2|P05_3|P06_CC|P06|P07|P08|P09|P10_1|P10_2|P10_3|P10_4
010101|01|01|01|AMAZONAS|CHACHAPOYAS|CHACHAPOYAS|1|1|0|2|ORTIZ ARRIETA|588||||041|477002|||041|477002|WWW.FACEBOOK.COM/MUNICHACHAPOYAS|ALCALDIA@MUNICHACHAPOYAS.GOB.PE|WWW.MUNICHACHAPOYAS.GOB.PE|VICTOR RAUL|CULQUI|PUERTA|2
010102|01|01|02|AMAZONAS|CHACHAPOYAS|ASUNCION|2|1|0|3|NICARMAL|S/N||||041|920696668|||041|947744237|-|HELDAMOLINARI08@GMAIL.COM|-|HELDA|MOLINARI|TRAUCO|1
010103|01|01|03|AMAZONAS|CHACHAPOYAS|BALSAS|2|1|0|1|MARAÑÓN|565||||041|972887124|||041|932575822|WWW.FACEBOOK.COM/MUNICIPALIDAD-DISTRITAL-DE-BALSAS-102812701358753/|MUNIBALSAS2019@GMAIL.COM|-|SEGUNDO PABLO|MAZA|SANCHEZ|2
010104|01|01|04|AMAZONAS|CHACHAPOYAS|CHETO|2|1|2|2|AMAZONAS|S/N||||041|932487749|||041|932487749|WWW.FACEBOOK.COM/MUNICIPALIDAD-DISTRITAL-CHETO-101151358221801/|MUNICHETO2019@GMAIL.COM|-|ELITA|CULQUIMBOZ|HUAMAN|1
010105|01|01|05|AMAZONAS|CHACHAPOYAS|CHILIQUIN|2|1|0|3|SAN MARTÍN|S/N||||041|954891249|||041|938391174|-|MDCHILIQUIN@HOTMAIL.COM|-|JAIME|PINEDO|SOPLA|2
010106|01|01|06|AMAZONAS|CHACHAPOYAS|CHUQUIBAMBA|2|1|0|2|SAN MARTÍN|S/N||||041|999225249|||041|999225249|-|HECTOR_DIA@HOTMAIL.COM|-|HECTOR|DIAZ|AÑASCO|2
010107|01|01|07|AMAZONAS|CHACHAPOYAS|GRANADA|2|1|0|3|MUNICIPAL|S/N||||041||||041||-|MDGRANADA2025@HOTMAIL.COM|-|SAMUEL|CANLLA|GOMEZ|2
010108|01|01|08|AMAZONAS|CHACHAPOYAS|HUANCAS|2|1|0|2|JOSÉ OLAYA|103||||041|923850507|478857||041|964812011|WWW.FACEBOOK.COM/MUNIHUANCAS/|WILIAN1F3@HOTMAIL.COM|WWW.MUNIHUANCAS.GOB.PE|WILIAN FREDY|PUSCAN|ALVA|2
010109|01|01|09|AMAZONAS|CHACHAPOYAS|LA JALCA|2|1|7|2|ALONSO DE ALVARADO|750||||041|985867645|||041|996929729|-|MUNILAJALCA@OUTLOOK.ES|-|WALTER HUMBERTO|CULQUI|VELASQUEZ|2
010110|01|01|10|AMAZONAS|CHACHAPOYAS|LEIMEBAMBA|2|1|8|2|SUCRE|121||||041||||041|943250764|WWW.FACEBOOK.COM/MUNILEIMEBAMBA/|MUNICIPALIDADLEIMEBAMBA@GMAIL.COM|-|LAYNES|SILVA|VIGO|2
010111|01|01|11|AMAZONAS|CHACHAPOYAS|LEVANTO|2|1|3|2|ALONSO DE ALVARADO|211||||041||||041|941940734|WWW.FACEBOOK.COM/MUNILEVANTO2019|MUNILEVANTO@HOTMAIL.COM|-|PABLO|VILCA|HUAMAN|2
010112|01|01|12|AMAZONAS|CHACHAPOYAS|MAGDALENA|2|1|0|1|PORVENIR|311||||041||||041|992272448|WWW.FACEBOOK.COM/DISTRITO-DE-MAGDALENA-AMAZONAS-133584756708594/|MUNICIPALIDADMAGDALENA2019@GMAIL.COM|-|JOSE LUIS|TENORIO|TAUMA|2
010113|01|01|13|AMAZONAS|CHACHAPOYAS|MARISCAL CASTILLA|2|1|0|2|LIMATAMBO|245|1|||041||||041|975211104|-|MUNI_MARISCALCASTILLA@HOTMAIL.COM|-|CARMITA|MAICELO|BUSTAMANTE|1
010114|01|01|14|AMAZONAS|CHACHAPOYAS|MOLINOPAMPA|2|1|0|1|5 DE FEBRERO|306||||041||||041|949170018|WWW.FACEBOOK.COM/MUNICIPALIDAD-DISTRITAL-DE-MOLINOPAMPA-109084220498244/|MDM.MOLINOPAMPA@GMAIL.COM|WWW.MUNIMOLINOPAMPA.GOB.PE|KENI ROY|PINEDO|MORI|2
010115|01|01|15|AMAZONAS|CHACHAPOYAS|MONTEVIDEO|2|1|1|2|TRANQUILIDAD|S/N||||041|952501456|||041|954800032|-|MUNIMONTEVIDEO2019@HOTMAIL.COM|-|DELMER MANUEL|VERGARAY|SANCHEZ|2
010116|01|01|16|AMAZONAS|CHACHAPOYAS|OLLEROS|2|1|0|2|SAN MARTÍN|S/N||||041||||041|920150791|WWW.FACEBOOK.COM/OLLEROS.AMAZONAS.7|MUNI.OLLEROS@YAHOO.COM|-|CARLO MAGNO|INGA|GALOC|2
010117|01|01|17|AMAZONAS|CHACHAPOYAS|QUINJALCA|2|1|0|2|TRIUNFO|S/N||||041|998478579|||041|959404735|WWW.FACEBOOK.COM/MUNIQUINJALCA|MUNIQUINJALCA2019@GMAIL.COM|-|BRAULIO BALDEMAR|GOÑAS|CULQUI|2
010118|01|01|18|AMAZONAS|CHACHAPOYAS|SAN FRANCISCO DE DAGUAS|2|1|0|1|PIPUS|716||||041|999069715|992217010||041|951319014|-|MUNI.SAN.FRANCISCO.DAGUAS@GMAIL.COM|-|ALFREDO|GOMEZ|CHAVEZ|2
010119|01|01|19|AMAZONAS|CHACHAPOYAS|SAN ISIDRO DE MAINO|2|1|0|2|AMAZONAS|374||||041|940554549|||041|942046158|-|MUNI.MAINO@GMAIL.COM|-|VICTOR AUGUSTO|ALVAREZ|OROSCO|2
010120|01|01|20|AMAZONAS|CHACHAPOYAS|SOLOCO|2|1|5|3|FRANCISCO PIZARRO|S/N||||041|503617|||041||-|MDSOLOCO@GMAIL.COM|-|EDER JHON|ZUTA|TOCHON|2
010121|01|01|21|AMAZONAS|CHACHAPOYAS|SONCHE|2|1|0|2|SIMON BOLÍVAR|S/N||||041||||041|941940294|WWW.FACEBOOK.COM/MUNISONCHE|MUNISONCHE@OUTLOOK.COM|-|EDINSON|PALMER|MAS|2
010201|01|02|01|AMAZONAS|BAGUA|BAGUA|1|1|10|1|HÉROES DEL CENEPA|1060||||041||||041|944823118|WWW.FACEBOOK.COM/MUNICIPALIDADBAGUA/|MUNBAGUA@MUNIBAGUA.GOB.PE|WWW.MUNIBAGUA.GOB.PE|FERRY|TORRES|HUAMAN|2
010202|01|02|02|AMAZONAS|BAGUA|ARAMANGO|2|1|0|1|28 DE JULIO|309||||041|976571531|||041|976571531|WWW.FACEBOOK.COM/MUNICIPALIDADARAMANGO|MUNIARAMANGO2019_2022@HOTMAIL.COM|-|NILDER|RUBIO|LOZANO|2
010203|01|02|03|AMAZONAS|BAGUA|COPALLIN|2|1|0|2|GARCILAZO DE LA VEGA|321||||041|920713268|||041|993151969|WWW.FACEBOOK.COM/MUNI.COPALLIN|MUNICIPALIDADDISTRITALDECOPAL@GMAIL.COM|WWW.MUNICOPALLIN.GOB.PE|ELIAS|FERNANDEZ|ARISTA|2
010204|01|02|04|AMAZONAS|BAGUA|EL PARCO|2|1|0|2|AMAZONAS|221|1|1||041|964796817|||041|945347679|WWW.FACEBOOK.COM/MUNICIPALIDADDISTRITALELPARCO|MD_ELPARCO@HOTMAIL.COM|-|AMARU JAIRO|TELLO|VASQUEZ|2
010205|01|02|05|AMAZONAS|BAGUA|IMAZA|2|1|1|1|AWAJUN|1||||041|965457558|||041|989912375|WWW.FACEBOOK.COM/MUNICHIRIACO/|MUNIDIMAZA@HOTMAIL.COM|WWW.MUNIIMAZA.GOB.PE|ALEJANDRO|MIKAYU|YAGKUAG|2
010206|01|02|06|AMAZONAS|BAGUA|LA PECA|2|1|0|1|INDEPENDENCIA|619||||041||||041|954151929|WWW.FACEBOOK.COM/MUNICIPALIDAD-DISTRITAL-LA-PECA-587765134984340|MUNICIPALIDADLAPECA2019@GMAIL.COM|-|FIDEL|JARA|CABRERA|2
010301|01|03|01|AMAZONAS|BONGARA|JUMBILLA|1|1|1|2|GARCILASO DE LA VEGA|355||||041|928433063|||041||-|MUNIBONGARA@HOTMAIL.COM|WWW.MUNIBONGARA.GOB.PE|ROMULO FLUMENCIO|VARGAS|MAS|2
010302|01|03|02|AMAZONAS|BONGARA|CHISQUILLA|2|1|0|6|PLAZA DE ARMAS|S/N||||041||||041|984272521|WWW.FACEBOOK.COM/MUNICIPALIDAD-DISTRITAL-DE-CHISQUILLA-107186874060443/|CHISQUILLAMUNICIPALIDAD@GMAIL.COM|-|EVELIN AURORA|CRUZ|LAPIZ|1
010303|01|03|03|AMAZONAS|BONGARA|CHURUJA|2|1|0|6|PLAZA DE ARMAS|105||||041|917757698|||041|917757698|-|MUNICHURUJA@HOTMAIL.COM|-|GEINER|ESPINOZA|MEZA|2
010304|01|03|04|AMAZONAS|BONGARA|COROSHA|2|1|1|2|SAN LUCAS|S/N|5|2|10|041|950467653|950467653|950467653|041|950467653|WWW.FACEBOOK.COM/MUNICOROSHA|MUNICOROSHA@GMAIL.COM|WWW.MUNICOROSHA.GOB.PE|NILSON|CANO|VALDEZ|2
010305|01|03|05|AMAZONAS|BONGARA|CUISPES|2|1|0|2|UNIÓN|266|5|31||041||||041|945246771|WWW.FACEBOOK.COM/MUNICIPALIDAD-DISTRITAL-DE-CUISPES-113468733779113/|MUNICIPALIDADCUISPES@GMAIL.COM|-|NEISER|GALOC|CAVA|2
010306|01|03|06|AMAZONAS|BONGARA|FLORIDA|2|1|0|2|FLORIDA|501||||041||||041|979097125|WWW.FACEBOOK.COM/MUNI.DISTRITALDEFLORIDA|MUNIFLORIDA@HOTMAIL.COM|-|PERCY OSWALDO|CHAVEZ|ESCALANTE|2
010307|01|03|07|AMAZONAS|BONGARA|JAZAN|2|1|8|1|MARGINAL|172||||041||||041|976189596|WWW.FACEBOOK.COM/MUNIJAZANPRG|MUNICIPALIDAD.JAZAN@MUNIJAZAN.GOB.PE|WWW.MUNIJAZAN.GOB.PE|DANIEL|GUIOP|HUAMAN|2
010308|01|03|08|AMAZONAS|BONGARA|RECTA|2|1|0|2|SAN MARTÍN|S/N||||041|915252113|||041|966182473|-|MUNIRECTA@GMAIL.COM|-|MANUEL JESUS|LOPEZ|GOLAC|2
010309|01|03|09|AMAZONAS|BONGARA|SAN CARLOS|2|1|0|3|SANTA CATALINA|S/N||||041|944947150|||041|960292262|-|MUNIDISTRITOSANCARLOS@GMAIL.COM|-|NEPTALI ELIAS|ALVAREZ|SANTAMARIA|2
010310|01|03|10|AMAZONAS|BONGARA|SHIPASBAMBA|2|1|0|2|PROGRESO|382||||041|995036089|||041|995036089|-|SHIPASBAMBA2019@HOTMAIL.COM|-|PEPE|PEREZ|SILVA|2
010311|01|03|11|AMAZONAS|BONGARA|VALERA|2|1|5|1|GOCTA|6||1|2|041|910984044|956974302|944605721|041|992779219|-|MUNIVALERA_MDV@HOTMAIL.COM|-|ESTEBAN SAMUEL|VALQUI|RAMOS|2
010312|01|03|12|AMAZONAS|BONGARA|YAMBRASBAMBA|2|1|0|2|ANGELINO CULQUITON|195||||041|978066793|||041|985373720|WWW.FACEBOOK.COM/MUNIDISTRITALYAMBRASBAMBA/|MUNIDISTRITALYAMBRASBAMBA@GMAIL.COM|-|JOSE TELMO|HERNANDEZ|ZELADA|2
010401|01|04|01|AMAZONAS|CONDORCANQUI|NIEVA|1|1|2|2|GONZALO PUERTA|100||||041|816805|||041|816805|WWW.FACEBOOK.COM/MPCONDORCANQUI|MUNICONDORCANQUI@GMAIL.COM|WWW.MUNICONDORCANQUI.GOB.PE|HECTOR ORLANDO|REQUEJO|LONGINOTE|2
010402|01|04|02|AMAZONAS|CONDORCANQUI|EL CENEPA|2|1|0|2|SENTAMAI|201||||041|965935782|||041||WWW.FACEBOOK.COM/MUNICIPALIDAD-DISTRITAL-DE-EL-CENEPA-2236044876647644/|010402CENEPA@GMAIL.COM|-|CARLOS|ALBERTO|YANKIKAT|2
010403|01|04|03|AMAZONAS|CONDORCANQUI|RIO SANTIAGO|2|1|0|1|ZACARIAS|S/N||||041||||041|975015137|WWW.FACEBOOK.COM/2015CONFUTURO.2018/|MUNIRIOSANTIAGO84@GMAIL.COM|-|MARCIAL|PETSA|TSEJEM|2
010501|01|05|01|AMAZONAS|LUYA|LAMUD|1|1|1|2|MIGUEL GRAU|528||||041||||041|837006|WWW.FACEBOOK.COM/PROVINCIADELUYA/|ALCALDIA@MUNILUYA.GOB.PE|WWW.MUNILUYA.GOB.PE|DIOGENES HUMBERTO|ZAVALETA|TENORIO|2
010502|01|05|02|AMAZONAS|LUYA|CAMPORREDONDO|2|1|0|2|SANTOS CHOCANO|2||||041|915376792|||041|915376792|WWW.FACEBOOK.COM/MUNICIPALIDAD-DISTRITAL-CAMPORREDONDO-412746988914429/|MUNICCAMPORREDONDO@GMAIL.COM|-|CEIBER ALBERT|LOZANO|VASQUEZ|2
010503|01|05|03|AMAZONAS|LUYA|COCABAMBA|2|1|0|3|CEMENTERIO|S/N||||041|944928167|||041|968635090|-|MUNICOCABAMBA@GMAIL.COM|-|SEGUNDO PEDRO|CULQUIMBOZ|ROJAS|2
010504|01|05|04|AMAZONAS|LUYA|COLCAMAR|2|1|1|2|28 DE JULIO|S/N||||041|960781316|||041|950854821|WWW.FACEBOOK.COM/MUNICIPALIDADDISTRITALDECOLCAMAR/|MUNIDISTRITALCOLCAMAR@GMAIL.COM|WWW.MUNICONDORCANQUI.GOB.PE|LESTER|MENDOZA|HUAMAN|2
010505|01|05|05|AMAZONAS|LUYA|CONILA|2|1|0|2|BOLOGNESI S/N - PLAZA MAYOR MAURICIO TOMANGUILLA|S/N||||041||||041|921697488|WWW.FACEBOOK.COM/MUNICIPALIDADCOLINA/|MUNICIPALIDADDECONILA@GMAIL.COM|-|GILMER|CULLAMPE|CANTA|2
010506|01|05|06|AMAZONAS|LUYA|INGUILPATA|2|1|0|2|SAN ISIDRO|S/N||||041||||041|941932194|-|MUNICIPALIDADDEINGUILPATA@GMAIL.COM|-|GEINER|ZAGACETA|ZAGACETA|2
010507|01|05|07|AMAZONAS|LUYA|LONGUITA|2|1|0|1|SAN MARTÍN S/N - LONGUITA|S/N|G|14|23|041|970200395|||041|945173973|-|LONGUITAMDL2019@HOTMAIL.COM|-|MIGUEL|CRUZ|LASERNA|2
010508|01|05|08|AMAZONAS|LUYA|LONYA CHICO|2|1|0|2|ORTIZ ARRIETA|585||||041||||041|920728207|-|EFRAINGUERRA@MUNILONYACHICO.GOB.PE|WWW.MUNILONYACHICO.GOB.PE|EFRAIN|GUERRA|GOMEZ|2
010509|01|05|09|AMAZONAS|LUYA|LUYA|2|1|0|2|DIEGO MORI ZUTA|447||||041||||041|938657377|WWW.FACEBOOK.COM/MUNILUYA|MUNILUYA1732@GMAIL.COM|WWW.MUNILUYA-AMAZONAS.GOB.PE|NEWMAN EDGARD|TUESTA|AGUILAR|2
010510|01|05|10|AMAZONAS|LUYA|LUYA VIEJO|2|1|0|2|PROGRESO|343||||041||||041|927225506|-|MUNILUYAVIEJO73@GMAIL.COM|-|LAURIANO|FERNANDEZ|COLLANTES|2
010511|01|05|11|AMAZONAS|LUYA|MARIA|2|1|3|2|BOLOGNESI|S/N||||041|941700799|||041||-|MUNI.MARI.2019@GMAIL.COM|-|PERLA DEL CARMEN|TORREJON|CRUZ|1
010512|01|05|12|AMAZONAS|LUYA|OCALLI|2|1|0|1|LIBERTAD|598||||041|948253560|||041|948253560|-|MDOCALLI2019@HOTMAIL.COM|-|ARON|FUENTES|DAVILA|2
010513|01|05|13|AMAZONAS|LUYA|OCUMAL|2|1|0|3|AMAZONAS|S/N||||041|956982136|||041|992892437|-|M.D.OCUMAL@HOTMAIL.COM|-|ROBERT|MENDOZA|MESTANZA|2
010514|01|05|14|AMAZONAS|LUYA|PISUQUIA|2|1|0|6|PLAZA DE ARMAS YOMBLON|S/N||||041|953903506|||041|948775129|-|MUNIPISUQUIA_LUYA@HOTMAIL.COM|-|EDILBERTO|CHAVEZ|MEDINA|2
010515|01|05|15|AMAZONAS|LUYA|PROVIDENCIA|2|1|0|6|GLORIOSO VEGA|S/N||||041|938803717|||041|951608447|-|010515PROVIDENCIA@GMAIL.COM|-|WILDER|PUERTA|VASQUEZ|2
010516|01|05|16|AMAZONAS|LUYA|SAN CRISTOBAL|2|1|2|2|BONGARA|S/N||||041|959653935|||041|959653935|WWW.FACEBOOK.COM/MUNISANCRISTOBAL|MUNISANCRISTOBAL2013@HOTMAIL.COM|-|ANTOLINO|VALQUI|VARGAS|2
010517|01|05|17|AMAZONAS|LUYA|SAN FRANCISCO DEL YESO|2|1|1|2|SIMON BOLÍVAR|S/N||||041||||041|941960993|-|MUNICIPIODELYESO@HOTMAIL.COM|-|WILLIAM|LOPEZ|ALVA|2
010518|01|05|18|AMAZONAS|LUYA|SAN JERONIMO|2|1|5|2|22 DE NOVIEMBRE|209||||041||||041|945879990|-|MUNISANJERONIMO_PACLAS@HOTMAIL.COM|-|QUELMER|GOMEZ|POQUIOMA|2
010519|01|05|19|AMAZONAS|LUYA|SAN JUAN DE LOPECANCHA|2|1|0|2|MIRADOR DE VALLE UTCUBAMBA|150||||041|478014|||041|976939820|-|SANJUANDELOPECANCHA5@GMAIL.COM|-|DENY ALCIVIADES|GUTIERREZ|TORREJON|2
010520|01|05|20|AMAZONAS|LUYA|SANTA CATALINA|2|1|0|2|COMERCIO|S/N||||041||||041|951878174|-|MUNISANTACATALINA2@GMAIL.COM|-|LEONCIO|GOMEZ|VELA|2
010521|01|05|21|AMAZONAS|LUYA|SANTO TOMAS|2|1|2|2|SAN MARTÍN|351||||041||||041|927979381|-|ANVEHE723@GMAIL.COM|-|ENRIQUE|RITUAY|CHAVEZ|2
010522|01|05|22|AMAZONAS|LUYA|TINGO|2|1|4|2|KUELAP|454||||041||||041|999639381|-|MUNICIPALIDADTINGO@GMAIL.COM|-|NEWMAN|GARCIA|VARGAS|2
010523|01|05|23|AMAZONAS|LUYA|TRITA|2|1|2|2|PROGRESO|S/N||||041|916740165|||041|928730911|WWW.FACEBOOK.COM/MUNI.TRITA|AMUNITRITA1260@HOTMAIL.COM|-|ALBERTO|YALTA|VELA|2
010601|01|06|01|AMAZONAS|RODRIGUEZ DE MENDOZA|SAN NICOLAS|1|1|0|2|MATIAZA RIMACHI|510||||041|476020|||041|476020|WWW.FACEBOOK.COM/MENDOZAMP/|MUNIMENDOZA.INFO@GMAIL.COM|-|HELDER|RODRIGUEZ|ZELADA|2
010602|01|06|02|AMAZONAS|RODRIGUEZ DE MENDOZA|CHIRIMOTO|2|1|0|4|ESQUINA DE LA PLAZA DE ARMAS|S/N||||041|970285775|||041|984078993|-|MDCH.010602@GMAIL.COM|-|TEOFILO|IZQUIERDO|LEON|2
010603|01|06|03|AMAZONAS|RODRIGUEZ DE MENDOZA|COCHAMAL|2|1|1|2|SAN MARTÍN|S/N||||041||||041|935862064|-|MUNIDISTRITALCOCHAMAL@GMAIL.COM|-|JOSE FAUSTO|LOPEZ|TUESTA|2
010604|01|06|04|AMAZONAS|RODRIGUEZ DE MENDOZA|HUAMBO|2|1|0|2|PORVENIR|421||||041||||041|949755722|WWW.FACEBOOK.COM/MUNICIPALIDADHUAMBO|MUNIJAPA@GMAIL.COM|-|NOHEMIAS|LOPEZ|AGUILAR|2
010605|01|06|05|AMAZONAS|RODRIGUEZ DE MENDOZA|LIMABAMBA|2|1|0|2|ANDREA ORTEGA|302||||041|956612379|||041|985111196|-|LIMABAMBA010605@MAIL.COM|-|ALINSON|RIVA|NOVOA|2
010606|01|06|06|AMAZONAS|RODRIGUEZ DE MENDOZA|LONGAR|2|1|0|2|HERMANOS VARGAS|100||||041|947460569|986572090|913045553|041|917197772|-|MUNILONGAR@HOTMAIL.COM|-|AMANDO|LOPEZ|MUÑOZ|2
010607|01|06|07|AMAZONAS|RODRIGUEZ DE MENDOZA|MARISCAL BENAVIDES|2|1|0|2|SAN NICOLÁS|299||||041|951546899|||041|951546899|-|MESADEPARTESMARISCALBENAVIDES@GMAIL.COM|-|MARIO|OCAMPO|SALDAÑA|2
010608|01|06|08|AMAZONAS|RODRIGUEZ DE MENDOZA|MILPUC|2|1|0|1|AMAZONAS|S/N||||041|631104|||041|970928253|-|OVEDPORTOCARRERO@GMAIL.COM|-|OBED|PORTOCARRERO|PORTOCARRERO|2
010609|01|06|09|AMAZONAS|RODRIGUEZ DE MENDOZA|OMIA|2|1|0|1|VIRGEN DEL ROSARIO|245||||041||||041|943848657|WWW.FACEBOOK.COM/MUNICIPALIDADDEOMIA/|MUNIDEOMIA@HOTMAIL.COM|-|JAVIER|DEL AGUILA|TAFUR|2
010610|01|06|10|AMAZONAS|RODRIGUEZ DE MENDOZA|SANTA ROSA|2|1|0|2|MARTÍNEZ DE COMPAÑON|S/N||||041|950420713|||041|964044874|-|MPVSANTAROSA23@GMAIL.COM|-|JOSE NERIDO|ARBILDO|AGUILAR|2
010611|01|06|11|AMAZONAS|RODRIGUEZ DE MENDOZA|TOTORA|2|1|0|2|CAROLINA PORTOCARRERO|S/N|7|6||041||||041|947823502|-|MUNICIPALIDADDETOTORA@GMAIL.COM|-|JULIO CESAR|FERNANDEZ|PORTOCARRERO|2
010612|01|06|12|AMAZONAS|RODRIGUEZ DE MENDOZA|VISTA ALEGRE|2|1|0|2|LOS TRAUCOS|S/N||||041||||041|956467273|WWW.FACEBOOK.COM/MUNICIPALIDAD-DISTRITAL-DE-VISTA-ALEGRE-PAGINA-OFICIAL-485953868104737/|MUNIVISTAALEGRE.AMAZONAS@GMAIL.COM|-|MILDER|ROJAS|CAMPOS|2
010701|01|07|01|AMAZONAS|UTCUBAMBA|BAGUA GRANDE|1|1|5|2|ANGAMOS|349||||041|475032|944909944||041|475029|WWW.FACEBOOK.COM/MUNIUTCUBAMBA|MESAPARTES@MUNIUTCUBAMBA.GOB.PE|WWW.MUNIUTCUBAMBA.GOB.PE|HIDELFONSO|GUEVARA|HONORES|2
010702|01|07|02|AMAZONAS|UTCUBAMBA|CAJARURO|2|1|1|3|SAN MIGUEL|650||||041||||041|932104907|WWW.FACEBOOK.COM/MUNICAJARURO/|MUNICAJARURO@MUNICAJARURO.GOB.PE|WWW.MUNICAJARURO.GOB.PE|HILDEBRANDO|TINEO|DIAZ|2
010703|01|07|03|AMAZONAS|UTCUBAMBA|CUMBA|2|1|0|1|SAN PEDRO|1059||||041||||041|921138907|WWW.FACEBOOK.COM/MUNICIPALIDAD-DISTRITAL-DE-CUMBA-1780178222239948/|MUNICIPALIDADCUMBA@GMAIL.COM|-|ELVIS ROBERT|RAMOS|GUEVARA|2
010704|01|07|04|AMAZONAS|UTCUBAMBA|EL MILAGRO|2|1|4|2|LAMBAYEQUE|183||||041||||041|956836585|WWW.FACEBOOK.COM/MUNIMILAGRO.GOB|MUNIELMILAGRO@HOTMAIL.COM|-|RENE|VARGAS|CORONEL|2
010705|01|07|05|AMAZONAS|UTCUBAMBA|JAMALCA|2|1|2|2|SAN MARTÍN|345||||041|931791830|||041|948207705|-|MUNIJAMALCA@HOTMAIL.COM|-|EDINSON|URBINA|LOPEZ|2
010706|01|07|06|AMAZONAS|UTCUBAMBA|LONYA GRANDE|2|1|0|2|DOS DE MAYO|256||||041||||041|943108618|WWW.FACEBOOK.COM/MDLG010706/|MDLG@MUNILONYAGRANDE.GOB.PE|WWW.MUNILONYAGRANDE.GOB.PE|SEGUNDO DAMIAN|TICLLA|HIDROGO|2
010707|01|07|07|AMAZONAS|UTCUBAMBA|YAMON|2|1|0|2|SAN ANTONIO|S/N||||041|990099737|||041|920854819|WWW.FACEBOOK.COM/MUNICIPALIDADDEYAMON/|MUNIYAMON2020@GMAIL.COM|-|GILBERTO|AREVALO|TORRES|2
020101|02|01|01|ANCASH|HUARAZ|HUARAZ|1|1|0|1|LUZURIAGA|734||||043|424126|||043|429955|WWW.FACEBOOK.COM/MUNIHUARAZ|MESADEPARTES@MUNIHUARAZ.GOB.PE|WWW.MUNIHUARAZ.GOB.PE|ELISEO RORI|MAUTINO|ANGELES|2
020102|02|01|02|ANCASH|HUARAZ|COCHABAMBA|2|1|0|6|PLAZA DE ARMAS|1||||043||||043|990355534|WWW.FACEBOOK.COM/MUNICIPALIDAD.COCHABAMBA|MUNIDIST.COCHABAMBA@GMAIL.COM|-|CLETO MARCELINO|CHAVEZ|RAMIREZ|2
020103|02|01|03|ANCASH|HUARAZ|COLCABAMBA|2|1|2|6|PLAZA DE ARMAS|1|1|1|17|043|953064524|||043|929737300|-|HEDEPAREDESALCALDEMUNICOLCBAMBA@HOTMAIL.COM|-|HEDER ANTONIO|PAREDES|CHINCHAY|2
020104|02|01|04|ANCASH|HUARAZ|HUANCHAY|2|1|0|1|JUNIN|S/N||||043||||043|932930393|-|MUNIHUANCHAY@GMAIL.COM|-|JUAN DE DIOS|GARCIA|OSORIO|2
020105|02|01|05|ANCASH|HUARAZ|INDEPENDENCIA|2|1|0|2|PABLO PATRON|257||||043|422048|396262||043|396262|WWW.FACEBOOK.COM/MUNIMDI/|ALCALDIA@MUNIDI.GOB.PE|WWW.MUNIDI.GOB.PE|FIDENCIO|SANCHEZ|CAURURO|2
020106|02|01|06|ANCASH|HUARAZ|JANGAS|2|1|0|6|PLAZA DE ARMAS|S/N||||043|958528184|959973833||043|971191623|WWW.FACEBOOK.COM/MUNICIPALIDADDEJANGAS/|ALCALDIA@MUNIJANGAS.GOB.PE|-|GILMER ROLIN|MENDOZA|CAUSHI|2
020107|02|01|07|ANCASH|HUARAZ|LA LIBERTAD|2|1|0|6|PLAZA DE ARMAS CAJAMARQUILLA|S/N||||043||||043|934275025|-|MESADEPARTES.MDLL@GMAIL.COM|-|GILBERTO WILLIAN|PICON|JAMANCA|2
020108|02|01|08|ANCASH|HUARAZ|OLLEROS|2|1|0|1|DAGOBERTO CÁCERES|117||||043||||043|925123269|-|MUNI.OLLEROS.HUARAZ@GMAIL.COM|-|ROMMEL ESTIFER|GLORIA|HUERTA|2
020109|02|01|09|ANCASH|HUARAZ|PAMPAS GRANDE|2|1|0|1|ROJAS CADILLO|S/N||||043|938126545|936952802||043|956568456|-||-|INOCENCIO NEMECIO|VILLAFUERTE|COLONIA|2
020110|02|01|10|ANCASH|HUARAZ|PARIACOTO|2|1|0|6|PLAZA DE ARMAS|304||||043||||043||-|MESAPARTESMDP@GMAIL.COM|-|CESAR|SANCHEZ|MEJIA|2
020111|02|01|11|ANCASH|HUARAZ|PIRA|2|1|0|6|PLAZA DE ARMAS|S/N||||043||||043|943802099|WWW.FACEBOOK.COM/MUNIPIRA2013|MUNICIPALIDADDISTRITALPIRA@GMAIL.COM|-|HECTOR RAUL|OBREGON|INTI|2
020112|02|01|12|ANCASH|HUARAZ|TARICA|2|1|0|6|PLAZA DE ARMAS|1||||043||||043|930768335|WWW.FACEBOOK.COM/MUNITARICA.GOB.PE/|MUNITARICA19.22@GMAIL.COM|WWW.MUNITARICA.GOB.PE|EFRAIN DAMIAN|GARRO|VILLACORTA|2
020201|02|02|01|ANCASH|AIJA|AIJA|1|1|6|6|PLAZA DE ARMAS|S/N|D1|6||043|956480013|913048176|951451007|043|943343994|WWW.FACEBOOK.COM/MUNIAIJA|MUNIPROVINCIALAIJA@GMAIL.COM|WWW.MUNIAIJA.GOB.PE|PEDRO MOISES|ROQUE|ITA|2
020202|02|02|02|ANCASH|AIJA|CORIS|2|1|0|1|SAN PEDRO|S/N||||043||||043|959840302|-||-|ORLEY PRAGMASIO|SALVADOR|LUGO|2
020203|02|02|03|ANCASH|AIJA|HUACLLAN|2|1|0|1|SANTIAGO ANTUNEZ DE MAYOLO|S/N||||043|951975966|967553160|994903936|043|951975966|WWW.FACEBOOK.COM/MUNIHUACLLAN/|MUNIHUACLLAN2019@HOTMAIL.COM|-|AGUSTIN DE CONTABER|LEON|QUIÑONES|2
020204|02|02|04|ANCASH|AIJA|LA MERCED|2|1|3|2|ÁNCASH|S/N||||043|963933958|973029717||043||-||-|MILLER OMAR|CAMONES|MAGUIÑA|2
020205|02|02|05|ANCASH|AIJA|SUCCHA|2|1|3|6|PLAZA DE ARMAS|320||||043|983152193|||043|949724473|WWW.FACEBOOK.COM/MUNICIPALIDAD-DISTRITAL-DE-SUCCHA|MDSUCCHA@GMAIL.COM|-|ULISES GUILLERMO|INTI|TORRES|2
020301|02|03|01|ANCASH|ANTONIO RAYMONDI|LLAMELLIN|1|1|0|6|PLAZA DE ARMAS|120||||043|835268|||043||WWW.FACEBOOK.COM/MUNIPROVINCIAL.ANTONIORAIMONDI.9|MUNIANTONIORAIMONDI@GMAIL.COM|-|FELIX|SANDOVAL|DIAZ|2
020302|02|03|02|ANCASH|ANTONIO RAYMONDI|ACZO|2|1|0|6|PLAZA DE ARMAS|S/N||||043|||999378958|043|824013|WWW.FACEBOOK.COM/MUNICIPALIDAD-DISTRITAL-DE-ACZO-493970777656481/||-|JUAN MOISES|CHAVARRIA|CARDENAS|2
020303|02|03|03|ANCASH|ANTONIO RAYMONDI|CHACCHO|2|1|0|6|PAZA DE ARMAS|S/N||||043||||043|941973739|-||-|ELMER HORACIO|VILLAORDUÑA|JARA|2
020304|02|03|04|ANCASH|ANTONIO RAYMONDI|CHINGAS|2|1|0|1|TUPAC AMARU|S/N||||043||||043|991378145|WWW.FACEBOOK.COM/MUNICIPALIDAD-DISTRITAL-DE-CHINGAS-419476631407027/|MUNICHINGAS20@HOTMAIL.COM|-|EMMER DAIMLER|TORRE|OSTOS|2
020305|02|03|05|ANCASH|ANTONIO RAYMONDI|MIRGAS|2|1|0|6|PLAZA DE ARMAS|1||||043|942987668|||043|942987668|-|MUNIMIRGAS@GMAIL.COM|WWW.MUNIMIRGAS.PE|LENIN BORIS|SALINAS|VILLAORDUÑA|2
020306|02|03|06|ANCASH|ANTONIO RAYMONDI|SAN JUAN DE RONTOY|2|1|0|6|PLAZA DE ARMAS|S/N||||043|993585410|993081150|961834346|043|993081150|WWW.FACEBOOK.COM/MUNICIPALIDADDISTRITALDESANJUANDERONTOY|SANJUANDERONTOYMUNI@GMAIL.COM|-|WILMER IVAN|LEYVA|HIDALGO|2
020401|02|04|01|ANCASH|ASUNCION|CHACAS|1|1|0|2|LIMA|S/N||||043|921106144|||043|931205826|WWW.FACEBOOK.COM/SEARCH/TOP?Q=ASUNCIC3B3N20CHACAS|MESADEPARTESASUNCION@GMAIL.COM|WWW.MUNIASUNCION.GOB.PE|JESUS ALBERTO|ZARAGOZA|GUZMAN|2
020402|02|04|02|ANCASH|ASUNCION|ACOCHACA|2|1|0|6|PLAZA PRINCIPAL|1||||043|917533214|||043|966203634|WWW.FACEBOOK.COM/APPASUNCION/|MUNIACOCHACA@GMAIL.COM|-|EDGAR BENEDICTO|ARCE|RAMIREZ|2
020501|02|05|01|ANCASH|BOLOGNESI|CHIQUIAN|1|1|0|2|DOS DE MAYO|901||||043|612792|||043|991041836|WWW.FACEBOOK.COM/MUNIBOLOGNESIOFICIAL|MUNI.BOLOGNESI@HOTMAIL.COM|WWW.MUNIBOLOGNESI.GOB.PE|GUDBERTO|CARRERA|PADILLA|2
020502|02|05|02|ANCASH|BOLOGNESI|ABELARDO PARDO LEZAMETA|2|1|0|6|PLAZA DE ARMAS|S/N||||043|944684502|945336683||043|945336683|WWW.FACEBOOK.COM/ABELARDOPARDOLEZAMETA/|MUNI.ABELARDOPARDOLEZAMETA@GMAIL.COM|-|PEDRO RIVER|GOMERO|ALVARADO|2
020503|02|05|03|ANCASH|BOLOGNESI|ANTONIO RAYMONDI|2|1|0|5|PATIVILCA HUARAZ|S/N|||80|043|999041644|||043|998467934|WWW.FACEBOOK.COM/ANTONIO.RAYMONDIRAQUIA.1|MUNI-ANTONIORAYMONDI-RAQUIA@HOTMAIL.COM|-|ROLANDO|CUEVA|BAUTISTA|2
020504|02|05|04|ANCASH|BOLOGNESI|AQUIA|2|1|0|6|PLAZA DE ARMAS|S/N||||043|995995818|||043|995995818|-||-|IVO DOMINOVICH|ACUÑA|TAPIA|2
020505|02|05|05|ANCASH|BOLOGNESI|CAJACAY|2|1|4|1|ANDRÉS AVELINO CÁCERES|184||||043||||043|925218756|WWW.FACEBOOK.COM/CAJACAY|CASLUNJUAN@GMAIL.COM|WWW.MUNICAJACAY.GOB.PE|JUAN MANUEL|CASTILLO|LUNA|2
020506|02|05|06|ANCASH|BOLOGNESI|CANIS|2|1|0|2|LOS OLIVOS|1|U|3||043||||043|962967501|WWW.FACEBOOK.COM/MUNICANIS|ABEL21_02@HOTMAIL.COM|-|ABEL|LEON|HUAMAN|2
020507|02|05|07|ANCASH|BOLOGNESI|COLQUIOC|2|1|2|1|RICARDO PALMA|S/N||||043|994864425|943198070||043|918125806|WWW.FACEBOOK.COM/MUNICHASQUITAMBO|MUNICOLQUIOC2019@GMAIL.COM|-|GUILLERMO CARLOS|PARIASCA|DEXTRE|2
020508|02|05|08|ANCASH|BOLOGNESI|HUALLANCA|2|1|1|2|AREQUIPA|1|1|1||043|925757986|||043|987834514|WWW.FACEBOOK.COM/MUNIHUALLANCA|MUNI_HUALLANCA1@HOTMAIL.COM|-|WILMER SERAFIN|CORNELIO|ROJAS|2
020509|02|05|09|ANCASH|BOLOGNESI|HUASTA|2|1|4|2|BOLOGNESI|125|C|D|11|043|943116648|||043|942980956|WWW.FACEBOOK.COM/HUASTA.PERU/|MUNIHUASTA@GOB.PE|WWW.MUNIHUASTA.GOB.PE|EDINSON RUDNER|PEREZ|VALDEZ|2
020510|02|05|10|ANCASH|BOLOGNESI|HUAYLLACAYAN|2|1|0|6|PLAZA DE ARMAS|S/N||||043|956690114|||043||WWW.FACEBOOK.COM/MUNIDEHUAYLLACAYAN|MUNIHUAYLLACAYAN_1857_0201@HOTMAIL.COM|-|JULIO CESAR|GAMARRA|CONCEPCION|2
020511|02|05|11|ANCASH|BOLOGNESI|LA PRIMAVERA|2|1|1|6|PLAZA DE ARMAS|S/N||||043|5245774|||043||-|MUNICIPALIDADDELAPRIMAVERA@GMAIL.COM|-|EUTIMIO|ALVA|PEREZ|2
020512|02|05|12|ANCASH|BOLOGNESI|MANGAS|2|1|0|3|28 DE JULIO|S/N||||043|996336283|||043|931854372|WWW.FACEBOOK.COM/MANGAS.MUNIDISTRITAL.1|MANGASMUNI@HOTMAIL.COM|-|JAIME ORLANDO|LLANOS|ESTRADA|2
020513|02|05|13|ANCASH|BOLOGNESI|PACLLON|2|1|0|2|GRAU|200|P|7||043||||043|978406677|WWW.FACEBOOK.COM/MUNICIPALIDADPACLLON||-|ADHEMIR|CARRERA|PADILLA|2
020514|02|05|14|ANCASH|BOLOGNESI|SAN MIGUEL DE CORPANQUI|2|1|0|6|PLAZA DE ARMAS|S/N||||043|955672120|||043||-|MUNICIPALIDADCORPANQUI@GMAIL.COM|-|YOALDINO|ALVARADO|SILVA|2
020515|02|05|15|ANCASH|BOLOGNESI|TICLLOS|2|1|0|6|PLAZA DE ARMAS|1|S|8||043|943412606|||043|943412606|WWW.FACEBOOK.COM/MUNITICLLOS|MUNITICLLOS2019.2022@GMAIL.COM|-|JAIME ALEXANDER|ALEJOS|COPERTINO|2
020601|02|06|01|ANCASH|CARHUAZ|CARHUAZ|1|1|0|1|LA MERCED|653||||043|394249|||043|394249|WWW.FACEBOOK.COM/MUNICARHUAZ/|INFO@MUNICARHUAZ.GOB.PE|WWW.MUNICARHUAZ.GOB.PE|PABLO PEDRO|JULCA|CHAVEZ|2
020602|02|06|02|ANCASH|CARHUAZ|ACOPAMPA|2|1|0|1|SANTA TERESA|S/N||||043|942483677|||043||WWW.FACEBOOK.COM/MUNIACOPAMPA/|MUNICIPALIDADISTRITALDEACOPAMPA2019@HOTMAIL.COM|WWW.MUNICIPALIDADDISTRITALDEACOPAMPA.GOB.PE|LEONARDO MERCEDES|KAQUI|FLORES|2
020603|02|06|03|ANCASH|CARHUAZ|AMASHCA|2|1|0|3|NUEVA|S/N||||043||||043|943342594|WWW.FACEBOOK.COM/MUNIAMASHCACARHUAZ|LEONCIOJAIMECC@GMAIL.COM|-|LEONCIO JAIME|CADILLO|CHAPETON|2
020604|02|06|04|ANCASH|CARHUAZ|ANTA|2|1|0|6|PLAZA DE ARMAS|S/N||||043|443132|||043|443132|-||-|JORGE GABRIEL|CUPITAN|TADEO|2
020605|02|06|05|ANCASH|CARHUAZ|ATAQUERO|2|1|0|6|PLAZA DE ARMAS CARHUAC|1||||043||||043|996174220|WWW.FACEBOOK.COM/MUNIATAQUERO/MUNICIPALIDADDISTRITALDEATAQUERO|GUTTY_2004@HOTMAIL.COM|-|FERMIN JAIME|GUTIERREZ|MENDOZA|2
020606|02|06|06|ANCASH|CARHUAZ|MARCARA|2|1|0|6|PLAZA DE ARMAS|100||||043|458025|||043||WWW.FACEBOOK.COM/MUNICIPALIDAD-DISTRITAL-DE-MARCARA-1651266591783084/|MUNICIPALIDAD_DISTRITAL_MARCARA1905@OUTLOOK.COM|WWW.MUNIMARCARA.GOB.PE|CARLOS DAVID|SANCHEZ|MENDOZA|2
020607|02|06|07|ANCASH|CARHUAZ|PARIAHUANCA|2|1|0|4|ANDRÉS AVELINO CÁCERES|100|12|1|5|043|943783964|||043|951540524|-|AGUIRREMEN-25@HOTMAIL.COM|WWW.MUNIPARIAHUANCA.GOB.PE|ZENOBIO GREGORIO|MENDEZ|AGUIRRE|2
020608|02|06|08|ANCASH|CARHUAZ|SAN MIGUEL DE ACO|2|1|0|2|ÁNCASH|S/N||||043||||043||WWW.FACEBOOK.COM/MUNISANMIGUELDEACOCARHUAZ||-|SILVINO MARCELINO|BALTAZAR|CAUSHI|2
020609|02|06|09|ANCASH|CARHUAZ|SHILLA|2|1|0|6|PLAZA DE ARMAS|S/N||||043||||043|948312058|WWW.FACEBOOK.COM/MUNISHILLA2019/|MUNICIPIOSHILLA@GMAIL.COM|WWW.MUNISHILLA.GOB.PE|VIDAL ORLANDO|COLLPA|LEYVA|2
020610|02|06|10|ANCASH|CARHUAZ|TINCO|2|1|0|6|PLAZA DE ARMAS|S/N||||043||||043|989906489|WWW.FACEBOOK.COM/MUNICIPALIDAD-DISTRITAL-DE-TINCO-2019-2020-1186218871547230/|MESADEPARTESMUNITINCO@GMAIL.COM|-|AGRIPINO RUSBANY|COCHACHIN|MINAYA|2
020611|02|06|11|ANCASH|CARHUAZ|YUNGAR|2|1|0|6|PLAZA DE ARMAS|S/N||||043|990030873|||043|979409547|WWW.FACEBOOK.COM/MUNIYUNGAR/|MUNIDEYUNGAR@GMAIL.COM|-|HITLER GUESCLIN|ALBA|SANCHEZ|2
020701|02|07|01|ANCASH|CARLOS FERMIN FITZCARRALD|SAN LUIS|1|1|0|1|FITZCARRALD|504||||043|612765|612766|612783|043||WWW.FACEBOOK.COM/MUNICFF/|MFITZCARRALD@GMAIL.COM|WWW.MUNIFITZCARRALD.GOB.PE|BORIS|TARAZONA|MAYO|2
020702|02|07|02|ANCASH|CARLOS FERMIN FITZCARRALD|SAN NICOLAS|2|1|0|6|PLAZA DE ARMAS|S/N||||043|969048676|||043|969048676|WWW.FACEBOOK.COM/MUNICIPALIDAD-DISTRITAL-DE-SAN-NICOLAS-884512938257508/|SANNICOLASMUNI2019@GMAIL.COM|-|MOISES SIMION|ESPINOZA|MELGAREJO|2
020703|02|07|03|ANCASH|CARLOS FERMIN FITZCARRALD|YAUYA|2|1|0|2|SAN MARTÍN|112||||043||||043|928370889|WWW.FACEBOOK.COM/MUNICIPALIDADDISTRITAL.YAUYA|PUKARAJU@HOTMAIL.COM|-|JESUS MATEO|GOMERO|CAMONES|2
020801|02|08|01|ANCASH|CASMA|CASMA|1|1|0|6|PLAZA DE ARMAS|1||||043|412063|||043|411817|WWW.FACEBOOK.COM/MUNICASMAOFICIAL|MUNICASMA@HOTMAIL.COM|WWW.MUNICASMA.GOB.PE|LUIS WILMER|ALARCON|LLANA|2
020802|02|08|02|ANCASH|CASMA|BUENA VISTA ALTA|2|1|0|3|BOLOGNESI|S/N||||043||||043|945529297|WWW.FACEBOOK.COM/WWW.BUENAVISTAALTA.COM.PE/|MUNIBUENAVISTALATA2@GMAIL.COM|-|HUGO ARTURO|PAJITO|MENDOZA|2
020803|02|08|03|ANCASH|CASMA|COMANDANTE NOEL|2|1|0|1|JULIO BELTRAN|S/N||||043|968520618|||043|945745050|WWW.FACEBOOK.COM/MUNICIPALIDADCOMANDANTENOEL/|SECRETARIAGENERALMDCN@HOTMAIL.COM|-|EMILIO ALEJANDRO|REYES|CORONACION|2
020804|02|08|04|ANCASH|CASMA|YAUTAN|2|1|0|3|PIURA|S/N||||043|921996313|||043|985737564|WWW.FACEBOOK.COM/MUNIYAUTAN2019/|MUNIDEYAUTAN@GMAIL.COM|-|NICOLAS MULLER|GARCIA|BOBADILLA|2
020901|02|09|01|ANCASH|CORONGO|CORONGO|1|1|0|2|MIGUEL GRAU|206||||043|448049|||043|448049|WWW.FACEBOOK.COM/MUNICIPALIDAD-PROVINCIAL-DE-CORONGO-1392276497743630/|MUNICIPALIDADCORONGO_ANCASH@HOTMAIL.COM|WWW.MUNICORONGO.GOB.PE|ASCARIO WILMAN|PONCE|VELASQUEZ|2
020902|02|09|02|ANCASH|CORONGO|ACO|2|1|0|1|28 DE JULIO|S/N|||18|043|988168254|958864149||043|985545810|WWW.FACEBOOK.COM/DEMUNAACO.MUNIDEACO|YOSELYNVIRGO@HOTMAIL.COM|-|ELADIO PEDRO|PINEDO|CARRILLO|2
020903|02|09|03|ANCASH|CORONGO|BAMBAS|2|1|3|6|PLAZA DE ARMAS|S/N||||043|992531417|921158343|938952124|043|989742851|WWW.FACEBOOK.COM/MUNI_BAMBAS|MUNI_BAMBAS@HOTMAIL.COM|-|ELIANA MARGOT|SOTO|PAZ|1
020904|02|09|04|ANCASH|CORONGO|CUSCA|2|1|0|2|ALBERTO BOTIQUÍN S/N - PLAZA DE ARMAS|1||||043|969068910|950604005||043|950604005|WWW.FACEBOOK.COM/DISTRITODE.CUSCA.5|JAMINTON_03@HOTMAIL.COM|-|JAMINTON|IPARRAGUIRRE|RAMIREZ|2
020905|02|09|05|ANCASH|CORONGO|LA PAMPA|2|1|0|1|RIVAS PLATA|S/N|A1|7||043|978253930|969224773||043|961315143|-|MUNICIPALIDADDISTRITALLAPAMPA@GMAIL.COM|-|EDVER ROMAN|PAREDES|MILLA|2
020906|02|09|06|ANCASH|CORONGO|YANAC|2|1|0|6|PLAZA DE ARMAS|S/N||||043||||043|982545034|-|MUNICIPIOYANAC@GMAIL.COM|-|MANUEL PEDRO|MATEO|BARRIONUEVO|2
020907|02|09|07|ANCASH|CORONGO|YUPAN|2|1|0|2|SAN PABLO|30|B|30|10|043|948351883|||043|984230968|-||-|MANUEL IGNACIO|TURRIATE|ALMENDRAS|2
021001|02|10|01|ANCASH|HUARI|HUARI|1|1|0|2|RAMON CASTILLA|470||||043|912779139|453109||043|918381912|WWW.FACEBOOK.COM/MUNIDEHUARI/?REF=BOOKMARKS|MESADEPARTES@MUNIHUARI.GOB.PE|WWW.MUNIHUARI.GOB.PE|LUIS ALBERTO|SANCHEZ|URBISAGAZTEGUI|2
021002|02|10|02|ANCASH|HUARI|ANRA|2|1|0|2|LAS NAZARENAS|101||||043||||043|971451101|WWW.FACEBOOK.COM/MUNICIPALIDAD-DISTRITAL-DE-ANRA-2019-2022-366500670748886/|GERENCIAMUNI.ANRA@GMAIL.COM|-|DEONICIO|DE LA CRUZ|CARRION|2
021003|02|10|03|ANCASH|HUARI|CAJAY|2|1|0|1|PEDRO AGUIRRE|S/N||||043|975410758|||043|975410758|WWW.FACEBOOK.COM/MUNICIPALIDADDISTRITALCAJAY/|MUNICIPALIDAD-DISTRITAL-CAJAY@HOTMAIL.COM|WWW.GOB.PE/MUNICAJAY|MARCOTULIO|MENDOZA|CADILLO|2
021004|02|10|04|ANCASH|HUARI|CHAVIN DE HUANTAR|2|1|0|2|WIRACOCHA|120||||043|454099|||043||WWW.FACEBOOK.COM/MUNICHAVINDEHUANTAR|SECRETARIAGENERAL@MUNICHAVINDEHUANTAR.GOB.PE|WWW.MUNICHAVINDEHUANTAR.GOB.PE|YON DIOSER|RAMIREZ|ALBORNOZ|2
021005|02|10|05|ANCASH|HUARI|HUACACHI|2|1|0|2|HUAYNA CÁPAC|1||||043|990608156|||043||-|MDHUACACHI@GMAIL.COM|-|DIONICIO ALEJANDRO|PAUCAR|ALARCON|2
021006|02|10|06|ANCASH|HUARI|HUACCHIS|2|1|0|6|PLAZA DE ARMAS|S/N||||043||||043|998932060|-|MUNIHUACCHIS2019@GMAIL.COM|-|ELIEL FIDEL|GARRIDO|TELLO|2
021007|02|10|07|ANCASH|HUARI|HUACHIS|2|1|0|2|ÁNCASH|S/N||||043||||043|940426103|-|MUNICIPALIDADDEHUACHIS1922@GMAIL.COM|WWW.MUNIHUACHIS.GOB.PE|MALAQUIAS|ALVARADO|VENTURO|2
021008|02|10|08|ANCASH|HUARI|HUANTAR|2|1|0|6|PLAZA DE ARMAS|1||||043||||043|915190088|-|MDHUANTAR@GMAIL.COM|-|HECTOR|CASTRO|RIOS|2
021009|02|10|09|ANCASH|HUARI|MASIN|2|1|2|1|PRIMAVERA|660||||043|||928005934|043|928005934|WWW.FACEBOOK.COM/DISTRITO.DE.MASIN/|MUNIMASIN22@GMAIL.COM|-|PABLO|MALVACEDA|ORTEGA|2
021010|02|10|10|ANCASH|HUARI|PAUCAS|2|1|0|6|PLAZA DE ARMAS|8|O1|8|1|043||||043|925984057|-|MUNI.PAUCAS.1206@GMAIL.COM|WWW.MUNIPAUCAS.GOB.PE|SHUMAHER YUSSUI|BAYONA|GAMBINI|2
021011|02|10|11|ANCASH|HUARI|PONTO|2|1|0|6|PLAZA DE ARMAS|S/N||||043|945574789|944963067||043|945574789|WWW.FACEBOOK.COM/GOBIERNODISTRITALDEPONTO|ALCALDIA.PONTO@GMAIL.COM|-|MIGUEL ANGEL|JARA|MOGOLLON|2
021012|02|10|12|ANCASH|HUARI|RAHUAPAMPA|2|1|0|6|PLAZA DE ARMAS|S/N||||043|921631660||918956385|043||WWW.FACEBOOK.COM/MUNICIPALIDADDISTRITALDERAHUAPAMPA2019/|MUNIRAHUAPAMPA_2019_2022@HOTMAIL.COM|-|MARINO FERNANDO|VILLAVICENCIO|MELGAREJO|2
021013|02|10|13|ANCASH|HUARI|RAPAYAN|2|1|0|2|ÁNCASH - PLAZA DE ARMAS|S/N||||043|963251362|||043|942897230|WWW.FACEBOOK.COM/MUNICIPALIDAD-DISTRITAL-DE-RAPAYAN-547343545344519/|MDRAPAYAN@GMAIL.COM|-|ROBER PEPE|MIRANDA|CALDERON|2
021014|02|10|14|ANCASH|HUARI|SAN MARCOS|2|1|0|2|PROGRESO|332||||043|965819228||929276421|043||WWW.FACEBOOK.COM/MUNICIPALIDADPROVINCIALSANMARCOS|MUNIDESANMARCOS@MUNIDESANMARCOS.GOB.PE|WWW.MUNIDESANMARCOS.GOB.PE|CHRISTIAN JOHN|PALACIOS|LAGUNA|2
021015|02|10|15|ANCASH|HUARI|SAN PEDRO DE CHANA|2|1|0|6|PLAZA DE ARMAS|S/N||||043|999133450|969625715|942037196|043|969625715|WWW.FACEBOOK.COM/MUNICIPALIDADDISTRITALDESANPEDRODECHANA|MESADEPARTESMUNICHANA@GMAIL.COM|-|RAUL ROBERT|TUCTO|ESPINOZA|2
021016|02|10|16|ANCASH|HUARI|UCO|2|1|0|2|NICOLÁS DE PIEROLA|1||||043||||043|939330012|-|HPRINCIPEGUARDIA@HOTMAIL.COM|-|HENRY NEIL|PRINCIPE|GUARDIA|2
021101|02|11|01|ANCASH|HUARMEY|HUARMEY|1|1|0|6|PLAZA INDEPENDENCIA|101||||043|287962|287960|287961|043|287959|WWW.FACEBOOK.COM/MUNI.HUARMEY.9||WWW.MUNIHUARMEY.GOB.PE|ELMER ALFONSO|DUEÑAS|ESPIRITU|2
021102|02|11|02|ANCASH|HUARMEY|COCHAPETI|2|1|0|6|PLAZA DE ARMAS|S/N||||043||||043||WWW.FACEBOOK.COM/DISTRITODE.COCHAPETI|MCOCHAPETI19@GMAIL.COM|-|FAUSTINA VILMA|CARO|SOTO|1
021103|02|11|03|ANCASH|HUARMEY|CULEBRAS|2|1|0|6|PLAZA DE ARMAS|S/N||||043|981384041|||043|953673223|WWW.FACEBOOK.COM/MUNICULEBRAS|021103CULEBRAS@GMAIL.COM|-|JUAN ARNALDO|GARCIA|MOSCOSO|2
021104|02|11|04|ANCASH|HUARMEY|HUAYAN|2|1|2|6|PLAZA DE ARMAS|S/N||99||043|986153514|||043|988230690|-|MUNIHUAYAN19@GMAIL.COM|-|RUBEN YSIDRO|ALVARON|DEPAZ|2
021105|02|11|05|ANCASH|HUARMEY|MALVAS|2|1|4|2|MARAÑÓN|S/N||||043||||043|939049425|-|MUNICIPALIDADDISTRITALDEMALVAS2022@HOTMAIL.COM|-|EDWIN JONY|FIGUEROA|TOLEDO|2
021201|02|12|01|ANCASH|HUAYLAS|CARAZ|1|1|0|2|SAN MARTÍN|1121||||043|483860|||043||WWW.FACEBOOK.COM/MUNICARAZ/|MUNICIPALIDAD@MUNICARAZ.GOB.PE|WWW.MUNICARAZ.GOB.PE|ESTEBAN ZOSIMO|FLORENTINO|TRANCA|2
021202|02|12|02|ANCASH|HUAYLAS|HUALLANCA|2|1|0|3|SANTA ROSA|142||||043|449006|986078192|939183467|043|449006|-|021202HUALLANCA@GMAIL.COM|WWW.MUNIHUALLANCA-HUAYLAS.GOB.PE|RICHARD VICENTE|RUELAS|MATOS|2
021203|02|12|03|ANCASH|HUAYLAS|HUATA|2|1|1|2|LA LIBERTAD|200|S|9||043||||043|958666260|WWW.FACEBOOK.COM/MUNICIPALIDADDEHUATA|MUNICIPALIDADHUATA162@HOTMAIL.COM|WWW.MUNIHUATA-HUAYLAS.GOB.PE|JAVIER JALI|MORALES|MEJIA|2
021204|02|12|04|ANCASH|HUAYLAS|HUAYLAS|2|1|0|6|PLAZA DE ARMAS|S/N||||043|630086|||043||WWW.FACEBOOK.COM/MUNICIPALIDAD.DISTRITALDEHUAYLAS/|MUNIHUAYLAS@HOTMAIL.COM|WWW.MUNIHUAYLAS.GOB.PE|HERMINIO JESUS|ESPINOZA|CABALLERO|2
021205|02|12|05|ANCASH|HUAYLAS|MATO|2|1|0|6|PLAZA DE ARMAS|3||||043|942040050|923057461|942645983|043|923057461|WWW.FACEBOOK.COM/MUNICIPALIDADDISTRITALDE.MATO/|MUNICIPALIDADMATO@HOTMAIL.COM|-|CRISANTO|REYES|TOLENTINO|2
021206|02|12|06|ANCASH|HUAYLAS|PAMPAROMAS|2|1|0|2|JUAN MENDEZ|S/N||||043|995535121|971487397||043||-|MDPAMPAROMAS86@GMAIL.COM|-|GUILLERMO PROSPERO|PALMADERA|CHACHAZ|2
021207|02|12|07|ANCASH|HUAYLAS|PUEBLO LIBRE|2|1|2|6|PLAZA INDEPENDENCIA|S/N||||043|971403020|949892669||043||WWW.FACEBOOK.COM/MUNI.PUEBLO.LIBRE.2019.2022/|MUNIPUEBLOLIBRE1922@GMAIL.COM|WWW.MUNIPUEBLOLIBRE.GOB.PE|EMILIO AUBERTO|JUSTO|RONDAN|2
021208|02|12|08|ANCASH|HUAYLAS|SANTA CRUZ|2|1|0|6|PLAZA DE ARMAS|S/N||||043|920054241|976478401|950303999|043|950303999|WWW.FACEBOOK.COM/DISTRITOSANTACRUZ/|MESADEPARTES@MUNISANTACRUZ.GOB.PE|WWW.MUNISANTACRUZ.GOB.PE|MIGUEL ANGEL|LEIVA|RAMIREZ|2
021209|02|12|09|ANCASH|HUAYLAS|SANTO TORIBIO|2|1|0|6|PLAZA DE ARMAS LA CONCORDIA|S/N||||043|945887418|961545406|914852466|043|945887418|WWW.FACEBOOK.COM/MUNISANTOTORIBIO/|ULESANTOTORIBIO2019@GMAIL.COM|-|ALVARO CAIRO|PEREZ|REYES|2
021210|02|12|10|ANCASH|HUAYLAS|YURACMARCA|2|1|0|6|PLAZA DE ARMAS|S/N||||043|914571387|939708691|968791184|043||WWW.FACEBOOK.COM/MUNICIPALIDAD-DISTRITAL-DE-YURACMARCA-2019-2022-1976980545753322/||WWW.MUNIYURACMARCA.GOB.PE|MIGUEL ANGEL|HUIZA|PAULINO|2
021301|02|13|01|ANCASH|MARISCAL LUZURIAGA|PISCOBAMBA|1|1|0|3|SAN ANDRÉS|102||||043||||043|964499920|WWW.FACEBOOK.COM/MUNICIPALIDAD-PROVINCIAL-DE-MARISCAL-LUZURIAGA-OFICIAL-859289250808914/|MUN.M.LUZURIAGA@GMAIL.COM|WWW.MUNIPISCOBAMBA.GOB.PE|ROGER|ASENCIO|ROCA|2
021302|02|13|02|ANCASH|MARISCAL LUZURIAGA|CASCA|2|1|0|6|PLAZA DE ARMAS|S/N||||043|941833282|998732979|943345333|043||-|YOSSYFLORES18@GMAIL.COM|-|NILO ALCIDES|VILLAVICENCIO|OLORTEGUI|2
021303|02|13|03|ANCASH|MARISCAL LUZURIAGA|ELEAZAR GUZMAN BARRON|2|1|0|1|PROGRESO|S/N||||043||||043|968196649|WWW.FACEBOOK.COM/MUNICIPALIDADISTRITALDEELEAZARGUZMANBARRON|MUNICIPALIDADEGB@GMAIL.COM|WWW.MUNICIPALIDADISTRITALDEELEAZARGUZMANBARRON.GOB.PE|JUAN SIXTO|MARCOS|CARRANZA|2
021304|02|13|04|ANCASH|MARISCAL LUZURIAGA|FIDEL OLIVAS ESCUDERO|2|1|1|5|FIDEL OLIVAS ESCUDERO|46||||043|970206493|||043|970206493|-|CARLOS13_1967@HOTMAIL.COM|-|DAVID|CHAVEZ|MATOS|2
021305|02|13|05|ANCASH|MARISCAL LUZURIAGA|LLAMA|2|1|0|1|FIDEL OLIVAS ESCUDERO|6|1|1||043|985447818|||043|985447818|WWW.FACEBOOK.COM/MUNICIPALIDAD-DE-LLAMA-2019-2022-2142840135796217|MUNICIPALIDADDISTRITALDELLAMA@GMAIL.COM|-|ROGELIO MARCIAL|MELENDEZ|MIRANDA|2
021306|02|13|06|ANCASH|MARISCAL LUZURIAGA|LLUMPA|2|1|0|6|PLAZA DE ARMAS|S/N||||043|931464265|964907226|918514370|043|931733725|WWW.FACEBOOK.COM/MUNILLUMPA2020/|MUNIDELLUMPA@GMAIL.COM|WWW.MUNILLUMPA.GOB.PE|ANTONIO MAXIMO|HONORATO|NERI|2
021307|02|13|07|ANCASH|MARISCAL LUZURIAGA|LUCMA|2|1|0|6|PLAZA DE ARMAS|S/N||||043|954532900|986170322|978004910|043|954532900|WWW.FACEBOOK.COM/MUNILUCMA|DAGUS_09@HOTMAIL.COM|-|GERMAN NILO|AYALA|LOPEZ|2
021308|02|13|08|ANCASH|MARISCAL LUZURIAGA|MUSGA|2|1|0|1|MANUEL PRADO UGARTECHE|1||||043|945822558|||043|945822558|WWW.FACEBOOK.COM/MUNICIPALIDAD-DISTRITAL-DE-MUSGA-GESTI%C3%B3N-2019-2022-115066913467459/|MUNIMUSGA@GMAIL.COM|-|JORGE DEMETRIO|EVANGELISTA|CAPCHA|2
021401|02|14|01|ANCASH|OCROS|OCROS|1|1|3|1|COMERCIO - PLAZA DE ARMAS|272||||043|623598|623597|942616873|043|623597|WWW.FACEBOOK.COM/MPOCROS|GOBIERNOPROVINCIALOCROS@HOTMAIL.COM|WWW.MUNIOCROS.GOB.PE|ERNESTO TONY|SALINAS|CASTILLO|2
021402|02|14|02|ANCASH|OCROS|ACAS|2|1|0|6|PLAZA DE ARMAS|S/N||||043|920091970|969893491|998518341|043||-|MUNICIPALIDAD.ACAS@GMAIL.COM|-|NECTARIO|ESPINOZA|RAMIREZ|2
021403|02|14|03|ANCASH|OCROS|CAJAMARQUILLA|2|1|0|2|28 DE JULIO|10|E|14|20|043|942608007|||043|976237113|-|MUNICIPIOCAJAMARQUILLA@GMAIL.COM|-|MAYER KENNEDY|BAZAN|FABIAN|2
021404|02|14|04|ANCASH|OCROS|CARHUAPAMPA|2|1|0|6|PLAZA DE ARMAS|S/N||||043|975227844|943755105|995357974|043|956582707|-|MDCARHUAPAMPA.OCROS@GMAIL.COM|-|GILBER|CORNELIO|SANTOS|2
021405|02|14|05|ANCASH|OCROS|COCHAS|2|1|0|6|PLAZA DE ARMAS|120||||043|995338825|||043|430856|-|MDCOCHAS_ULE@HOTMAIL.COM|-|ELIZABETH ALODIA SANDY|SAENZ|QUIROZ|1
021406|02|14|06|ANCASH|OCROS|CONGAS|2|1|5|6|PLAZA DE ARMAS|S/N||||043||||043|966156605|WWW.FACEBOOK.COM/CONGASANCASHPERU/|MUNI.CONGAS@GMAIL.COM|-|PORFIRIO ARTURO|GOMERO|OSTOS|2
021407|02|14|07|ANCASH|OCROS|LLIPA|2|1|0|2|15 DE NOVIEMBRE|15||||043||||043|976948902|-||-|MARSOLINE JHENRY|JUSTINO|ROJAS|2
021408|02|14|08|ANCASH|OCROS|SAN CRISTOBAL DE RAJAN|2|1|1|6|PLAZA DE ARMAS|102||||043||||043|938163475|-|RDC.ABOGADOS@HOTMAIL.COM|-|AMANCIO|HIGINIO|VARGAS|2
021409|02|14|09|ANCASH|OCROS|SAN PEDRO|2|1|2|6|PLAZA DE ARMAS|S/N||||043||||043|987015452|-|GOBIERNOLOCALSANPEDRO@GMAIL.COM|-|UZIAS ARON|ARIZA|AGUIRRE|2
021410|02|14|10|ANCASH|OCROS|SANTIAGO DE CHILCAS|2|1|1|6|PLAZA DE ARMAS|S/N||||043||||043|920114834|WWW.FACEBOOK.COM/SANTIAGO DE CHILCAS|SANTIAGODECHILCAS@HOTMAIL.COM|-|JOSE MOISES|OSES|ESPIRITU|2
021501|02|15|01|ANCASH|PALLASCA|CABANA|1|1|0|6|PLAZA DE ARMAS|103||||043||||043|972678609|WWW.FACEBOOK.COM/MUNICABANA|MESADEPARTESVIRTUAL@MUNICABANA.GOB.PE|WWW.MUNICABANA.GOB.PE|MARCIAL CASTILLO|VALERIO|CHAVEZ|2
021502|02|15|02|ANCASH|PALLASCA|BOLOGNESI|2|1|0|2|FRANCISCO BOLOGNESI|S/N||||043||||043|943080689|WWW.FACEBOOK.COM/MUNI.BOLOGNESI.PALLASCA/|MDBOLOGNESI2019@GMAIL.COM|-|ANDRES GERMAN|APARICIO|REYES|2
